{
    "type": "minecraft:crafting_shaped",
    "pattern": [
        "ddd",
        "bcb",
        "aba"
    ],
    "key": {
        "a": {
            "item": "quantum_circuit"
        },
        "b": {
            "item": "double_dense_iridium_plate"
        },
        "c": {
            "item": "wtfic2addon:te",
            "data": 13
        },
        "d": {
            "item": "wtfic2addon:te",
            "data": 10
        }
    },
    "result": {
        "item": "icwth:spectral_solar"
    }
}