{
    "type": "minecraft:crafting_shaped",
    "pattern": [
        "aaa",
        "bcb",
        "ded"
    ],
    "key": {
        "a": {
            "item": "icwth:arcsinus_solar"
        },
        "b": {
            "item": "wtfic2addon:te",
            "data": 14
        },
        "c": {
            "item": "avaritia:resource",
            "data": 5
        },
        "d": {
            "item": "quadruple_dense_iridium_plate"
        },
        "e": {
            "item": "quantum_circuit"
        }
    },
    "result": {
        "item": "icwth:dispersion_solar"
    }
}