{
    "type": "minecraft:crafting_shaped",
    "pattern": [
        "aaa",
        "bcb",
        "ded"
    ],
    "key": {
        "a": {
            "item": "icwth:diffraction_solar"
        },
        "b": {
            "item": "wtfic2addon:te",
            "data": 13
        },
        "c": {
            "item": "wtfic2addon:te",
            "data": 15
        },
        "d": {
            "item": "vector_solar"
        },
        "e": {
            "item": "quadruple_dense_iridium_plate"
        }
    },
    "result": {
        "item": "icwth:omega_solar"
    }
}