{
  "parent": "block/cube",
  "textures": {
    "particle": "icwth:blocks/solar_panel_sides",
    "down": "icwth:blocks/solar_panel_sides",
    "up": "icwth:blocks/solar_panel_top",
    "north": "icwth:blocks/solar_panel_sides",
    "east": "icwth:blocks/solar_panel_sides",
    "south": "icwth:blocks/solar_panel_sides",
    "west": "icwth:blocks/solar_panel_sides"
  },
  "elements": [
    {
      "from": [0, 0, 0],
      "to": [16, 16, 16],
      "faces": {
        "down": {"uv": [0, 0, 16, 16], "texture": "#down", "cullface": "down"},
        "up": {"uv": [0, 0, 16, 16], "texture": "#up", "cullface": "up", "tintindex": 1},
        "north": {"uv": [0, 0, 16, 16], "texture": "#north", "cullface": "north"},
        "south": {"uv": [0, 0, 16, 16], "texture": "#south", "cullface": "south"},
        "west": {"uv": [0, 0, 16, 16], "texture": "#west", "cullface": "west"},
        "east": {"uv": [0, 0, 16, 16], "texture": "#east", "cullface": "east"}
      }
    }
  ]
}
