{
  "type": "minecraft:crafting_shaped",
  "pattern": [
    "ABA",
    "CDC",
    "ECE"
  ],
  "key": {
    "A": {
      "item": "advanced_solar_panels:crafting",
      "data": 2
    },
    "B": {
      "item": "ic2:charging_lapotron_crystal",
      "data": 0
    },
    "C": {
      "item": "ic2:lapotron_crystal",
      "data": 0
    },
    "D": {
      "item": "icwth:intermediate_mfsu",
      "data": 0
    },
    "E": {
      "item": "icwth:hybrid_circuit",
      "data": 0
    }
  },
  "result": {
    "item": "icwth:intermediate_high_mfsu",
    "count": 1
  }
}