{
  "type": "minecraft:crafting_shaped",
  "pattern": [
    "AAA",
    "BCB",
    "DED"
  ],
  "key": {
    "A": {
      "item": "icwth:diffraction_solar",
      "data": 0
    },
    "B": {
      "item": "advanced_solar_panels:crafting",
      "data": 13
    },
    "C": {
      "item": "ic2:lapotron_crystal",
      "data": 0
    },
    "D": {
      "item": "advanced_solar_panels:crafting",
      "data": 5
    },
    "E": {
      "item": "icwth:triple_dense_iridium_plate",
      "data": 0
    }
  },
  "result": {
    "item": "icwth:dispersion_solar",
    "count": 1
  }
}