{
  "type": "minecraft:crafting_shaped",
  "pattern": [
    "ABA",
    "CDC",
    "BEB"
  ],
  "key": {
    "A": {
      "item": "advanced_solar_panels:crafting",
      "data": 2
    },
    "B": {
      "item": "icwth:quantum_circuit",
      "data": 0
    },
    "C": {
      "item": "icwth:molecular_transformer",
      "data": 0
    },
    "D": {
      "item": "advanced_solar_panels:crafting",
      "data": 12
    },
    "E": {
      "item": "icwth:intermediate_mfsu",
      "data": 0
    }
  },
  "result": {
    "item": "icwth:advanced_molecular_transformer",
    "count": 1
  }
}